OPERA,TIPOVUELO,MES
Alitalia,N,7
Aeromexico,I,2
Gol Trans,N,6
Delta Air,I,11
Copa Air,N,1
American Airlines,N,11
Alitalia,I,9
Air France,N,6
Oceanair Linhas Aereas,I,1
Aeromexico,I,9
Aeromexico,I,7
Air France,N,12
Copa Air,I,8
Copa Air,N,11
Sky Airline,N,2
Aeromexico,I,4
British Airways,I,12
Latin American Wings,N,10
Copa Air,I,10
Plus Ultra Lineas Aereas,I,4
Gol Trans,N,9
Aerolineas Argentinas,I,7
Austral,N,8
United Airlines,N,4
JetSmart SPA,N,1
United Airlines,I,4
Austral,N,4
Copa Air,I,5
JetSmart SPA,I,9
United Airlines,N,6
Air France,N,11
Lacsa,I,6
Alitalia,I,4
K.L.M.,I,8
JetSmart SPA,N,5
Gol Trans,I,7
Aeromexico,N,9
Plus Ultra Lineas Aereas,N,3
American Airlines,I,8
Lacsa,I,4
Air France,I,9
Gol Trans,N,7
Austral,I,7
Latin American Wings,N,5
Iberia,I,10
Iberia,I,5
Oceanair Linhas Aereas,N,10
Oceanair Linhas Aereas,I,10
Avianca,N,6
Grupo LATAM,I,8
Alitalia,I,3
K.L.M.,I,1
Aeromexico,I,12
Aerolineas Argentinas,N,12
JetSmart SPA,I,3
Alitalia,N,9
Lacsa,I,12
Austral,I,5
Aeromexico,N,5
Oceanair Linhas Aereas,I,6
Alitalia,N,12
Oceanair Linhas Aereas,I,12
Air Canada,I,4
British Airways,I,3
United Airlines,N,7
Copa Air,N,5
Iberia,N,2
Latin American Wings,N,8
Avianca,N,7
Air France,I,12
Avianca,N,10
Avianca,N,2
Alitalia,I,12
JetSmart SPA,I,8
American Airlines,N,5
JetSmart SPA,N,12
JetSmart SPA,N,2
Iberia,N,8
Aeromexico,N,1
Grupo LATAM,N,12
Qantas Airways,I,6
Air France,N,4
Gol Trans,I,10
K.L.M.,N,2
American Airlines,I,6
Qantas Airways,I,3
Copa Air,N,9
Qantas Airways,I,9
American Airlines,N,7
Iberia,N,4
United Airlines,I,10
Gol Trans,N,10
Alitalia,N,5
JetSmart SPA,N,3
Austral,N,11
Latin American Wings,N,12
Lacsa,I,10
Lacsa,N,2
Aeromexico,I,5
Alitalia,N,10
